Top queries,Last 7 days Clicks,Previous 7 days Clicks,Last 7 days Impressions,Previous 7 days Impressions,Last 7 days CTR,Previous 7 days CTR,Last 7 days Position,Previous 7 days Position
tjm auto care,58,49,418,490,13.88%,10%,2.04,1.87
tjm auto care bandung,12,6,107,160,11.21%,3.75%,1.5,2.01
bengkel kaki kaki mobil terdekat,11,22,2222,2507,0.5%,0.88%,7.4,7.32
tjmautocare,11,10,60,80,18.33%,12.5%,1.85,2.08
tjm auto care bekasi,9,23,166,274,5.42%,8.39%,2.06,1.97
bengkel kaki kaki mobil surabaya,8,9,124,203,6.45%,4.43%,3.7,4.15
tjm auto care surabaya,8,13,95,149,8.42%,8.72%,1.93,1.91
tjm autocare,7,13,73,102,9.59%,12.75%,1.82,1.87
bengkel kaki kaki mobil,6,8,415,680,1.45%,1.18%,7.85,7.4
tjm,6,10,178,181,3.37%,5.52%,3.13,2.22
bengkel kaki kaki mobil palembang,6,5,57,54,10.53%,9.26%,2.6,2.87
tjm auto care balikpapan,5,3,216,199,2.31%,1.51%,4.75,5.5
tjm medan,5,4,43,65,11.63%,6.15%,5.49,5.88
service kaki kaki mobil terdekat,4,6,350,517,1.14%,1.16%,7.01,7.12
bengkel kaki kaki mobil jogja,4,3,160,149,2.5%,2.01%,6.6,4.84
tjm auto care terdekat,4,7,132,163,3.03%,4.29%,2.1,1.98
tjm auto care palembang,4,5,73,85,5.48%,5.88%,1.89,1.75
service kaki kaki mobil,3,6,262,371,1.15%,1.62%,4.34,4.26
bengkel kaki-kaki mobil terdekat,3,1,151,120,1.99%,0.83%,7.26,7.45
tjm auto care medan,3,3,102,138,2.94%,2.17%,5.09,4.5
tjm auto care jakarta barat,3,4,58,99,5.17%,4.04%,3.21,2.67
tjm auto care makassar,3,6,34,84,8.82%,7.14%,1.44,2.2
bengkel kaki kaki mobil samarinda,3,5,31,29,9.68%,17.24%,1.81,2.17
tjm auto care jakarta,3,4,29,47,10.34%,8.51%,2.38,1.89
service kaki kaki mobil banjarmasin,3,3,19,18,15.79%,16.67%,3.95,5.11
tjmautocare bogor,3,0,11,9,27.27%,0%,2.82,2.44
paket service kaki kaki mobil,3,0,5,0,60%,0%,1.6,0
bengkel kaki kaki terdekat,2,0,202,182,0.99%,0%,6.57,5.52
tjm auto care bali,2,7,139,70,1.44%,10%,1.05,1.03
tjm auto care malang,2,4,72,104,2.78%,3.85%,3.08,2.62
bengkel kaki kaki mobil bandung,2,0,65,63,3.08%,0%,6.32,5.81
tjm surabaya,2,6,29,96,6.9%,6.25%,2.14,3.49
tjm auto care cilangkap,2,2,29,33,6.9%,6.06%,2.38,3.06
service kaki-kaki mobil terdekat,2,4,29,52,6.9%,7.69%,7.14,6.44
tjm auto care banjarmasin,2,4,23,64,8.7%,6.25%,2.78,2.31
bengkel kaki kaki mobil banjarmasin,2,1,22,34,9.09%,2.94%,5.14,7.29
tjm auto care depok,2,2,21,24,9.52%,8.33%,2.19,1.96
bengkel tjm,2,2,20,26,10%,7.69%,2.1,2.04
bengkel kaki kaki surabaya,2,3,19,28,10.53%,10.71%,3.05,4.21
bengkel service kaki kaki mobil terdekat,2,0,18,38,11.11%,0%,5.61,7.82
tjm autocare bandung,2,2,14,22,14.29%,9.09%,1.93,2.05
tjmautocare bandung,2,3,11,20,18.18%,15%,2,2.15
bengkel tjm terdekat,2,1,9,9,22.22%,11.11%,1.89,1.78
bengkel kaki-kaki mobil terbaik di palembang,2,2,9,8,22.22%,25%,2.33,2.62
tjm autocare jogja,2,0,5,4,40%,0%,1.4,1
servis kaki kaki mobil palembang,2,0,3,13,66.67%,0%,3,2.69
bengkel kaki kaki,1,2,179,232,0.56%,0.86%,8.9,7.69
bengkel mobil samarinda,1,0,103,70,0.97%,0%,8.36,8.63
tjm auto care samarinda,1,13,100,106,1%,12.26%,2.18,2.13
tjm auto care bogor,1,3,95,125,1.05%,2.4%,2.86,2.57
tjm auto care semarang,1,0,92,152,1.09%,0%,1.17,1.09
bengkel kaki kaki mobil makassar,1,3,56,84,1.79%,3.57%,8.34,5.79
tjm auto care tangerang,1,1,49,63,2.04%,1.59%,2.55,2.56
bengkel kaki mobil,1,0,48,52,2.08%,0%,7.42,8.31
biaya cek kaki kaki mobil,1,0,45,70,2.22%,0%,5.8,6.09
bengkel mobil kaki kaki terdekat,1,1,41,47,2.44%,2.13%,7.12,6.87
tjm auto care penipu,1,0,40,80,2.5%,0%,8.05,6.15
bengkel kaki kaki bandung,1,0,36,36,2.78%,0%,7.61,5.64
perbaikan kaki kaki mobil,1,0,35,42,2.86%,0%,5.97,3.71
tjm auto care balikpapan ulasan,1,0,34,9,2.94%,0%,5.56,5
tjm auto care jogja,1,1,33,48,3.03%,2.08%,1.09,1.08
tjm auto care ciputat,1,2,30,28,3.33%,7.14%,2.67,2.61
service kaki mobil terdekat,1,1,28,22,3.57%,4.55%,3.82,4.77
bengkel kaki kaki mobil terbaik di bekasi,1,1,28,22,3.57%,4.55%,5.43,6
paket tune up mobil,1,2,27,74,3.7%,2.7%,4.78,3.93
service kaki kaki mobil surabaya,1,1,26,42,3.85%,2.38%,4.38,4.36
tjmautocare terdekat,1,1,24,33,4.17%,3.03%,2.04,1.94
service kaki kaki mobil berapa,1,0,23,54,4.35%,0%,7.3,6.91
bengkel cek kaki kaki mobil terdekat,1,0,22,18,4.55%,0%,7.5,8.83
service kaki kaki mobil palembang,1,1,20,24,5%,4.17%,3.15,4.67
bengkel kaki terdekat,1,0,20,17,5%,0%,5.75,4.41
service kaki kaki mobil bandung,1,0,20,20,5%,0%,6.5,5.95
bengkel kaki kaki mobil denpasar,1,2,19,39,5.26%,5.13%,4.63,3.03
tjm auto care medan 2,1,1,18,61,5.56%,1.64%,1.28,2.75
tjm samarinda,1,4,17,32,5.88%,12.5%,1.71,1.78
tjm autocare bekasi,1,0,16,24,6.25%,0%,2.06,1.92
harga cek kaki-kaki mobil,1,0,16,19,6.25%,0%,5.25,5.16
tjmautocare surabaya,1,2,14,10,7.14%,20%,2,2
service shockbreaker mobil bekasi,1,0,14,26,7.14%,0%,4.14,4.77
bengkel kaki kaki bekasi,1,1,14,25,7.14%,4%,4.43,3.28
service kaki kaki,1,1,14,35,7.14%,2.86%,9.14,7.91
tjm auto care jakarta selatan,1,3,13,20,7.69%,15%,2.15,2.55
tjm auto care serpong,1,2,13,29,7.69%,6.9%,2.77,3
bengkel kaki kaki makassar,1,0,13,7,7.69%,0%,4.08,3.57
bengkel.kaki kaki terdekat,1,0,13,10,7.69%,0%,6.69,6.1
tjm cibaduyut,1,0,12,7,8.33%,0%,3.17,2.43
service rack steer bekasi,1,0,12,14,8.33%,0%,3.67,4.36
tjm semarang,1,1,11,18,9.09%,5.56%,1,1.17
tjm bengkel,1,1,10,6,10%,16.67%,1.7,2.83
tjm auto care medan 1,1,0,10,21,10%,0%,2.6,2.1
bengkel kaki-kaki mobil surabaya,1,0,10,13,10%,0%,3.2,4.08
bengkel kaki kaki palembang,1,0,10,11,10%,0%,5.4,4.36
perbaikan kaki kaki mobil berapa,1,0,10,7,10%,0%,8,7.57
servis kaki-kaki mobil,1,0,10,0,10%,0%,8.5,0
tjm autocare surabaya,1,3,9,13,11.11%,23.08%,1.67,1.85
tjm autocare palembang,1,2,9,7,11.11%,28.57%,2,1.86
tjm bandung,1,6,9,19,11.11%,31.58%,2,1.89
tjmautocare bekasi,1,0,8,6,12.5%,0%,2,2
tjm cipayung,1,0,8,12,12.5%,0%,2.38,2.25
tjm bogor,1,3,8,18,12.5%,16.67%,4.75,2.67
bengkel kaki-kaki mobil bandung,1,1,8,14,12.5%,7.14%,5.88,5.71
bengkel tjm samarinda,1,0,7,4,14.29%,0%,1.71,1.75
tjmautocare malang,1,1,7,7,14.29%,14.29%,2.14,2.29
tjm autocare malang,1,0,7,9,14.29%,0%,2.57,2.78
tjm autocare banjarmasin,1,1,6,5,16.67%,20%,2.33,2.4
tjmauto,1,0,6,3,16.67%,0%,3.17,4
tjm auto care tangerang selatan,1,1,5,10,20%,10%,2.2,3
bengkel shockbreaker mobil surabaya,1,0,5,0,20%,0%,5.6,0
servis kaki kaki mobil bandung,1,0,5,14,20%,0%,5.8,5.07
tjm autocare makassar,1,2,4,6,25%,33.33%,1.25,3.33
tjm kaki kaki,1,1,4,11,25%,9.09%,1.75,1.91
tjm auto care semarang reviews,1,0,4,16,25%,0%,2,2.06
tune up mobil diesel,1,0,4,9,25%,0%,2,8
rekomendasi bengkel kaki-kaki mobil jogja,1,0,4,1,25%,0%,7.5,7
lokasi tjm auto care,1,0,3,6,33.33%,0%,2,1.83
bengkel rack steer surabaya,1,1,3,7,33.33%,14.29%,3.33,3.14
service shockbreaker mobil terdekat,1,0,3,10,33.33%,0%,3.67,9.9
paket servis kaki kaki mobil,1,2,2,7,50%,28.57%,1,1
service kaki2 mobil,1,0,2,1,50%,0%,1,1
tjm terdekat,1,0,2,5,50%,0%,1.5,2.2
rental mobil terdekat,1,0,1,0,100%,0%,1,0
tune up mobil,1,0,1,0,100%,0%,2,0
nano car care,1,0,1,0,100%,0%,3,0
bengkel mobil jakarta barat,1,0,1,0,100%,0%,5,0
kaki kaki mobil terdekat,0,3,107,92,0%,3.26%,6.61,6.41
biaya servis kaki kaki mobil,0,1,102,182,0%,0.55%,9.24,9.14
bengkel spesialis kaki kaki mobil,0,1,101,143,0%,0.7%,7.89,7.03
spesialis kaki kaki mobil,0,0,96,153,0%,0%,7.69,8.08
bengkel kaki mobil terdekat,0,2,89,81,0%,2.47%,6.99,7.56
ulasan tjm auto care balikpapan,0,0,81,15,0%,0%,6.81,6.73
bengkel mobil palembang,0,0,80,71,0%,0%,9.65,9.45
ulasan tjm auto care bali,0,0,66,0,0%,0%,4.59,0
bengkel kaki2 mobil terdekat,0,0,59,29,0%,0%,8.53,7.31
cek kaki kaki mobil terdekat,0,2,57,79,0%,2.53%,8.07,8.41
tjm auto care pekanbaru,0,0,49,74,0%,0%,3.39,3.12
servis kaki kaki mobil,0,0,43,55,0%,0%,7.7,6.98
tjm auto care lampung,0,4,42,69,0%,5.8%,3.36,3.04
ulasan tjm auto care samarinda,0,0,41,22,0%,0%,5.32,4.86
bengkel mobil jogja terdekat,0,0,41,17,0%,0%,8.34,8.41
bengkel spesialis kaki kaki mobil terdekat,0,0,40,49,0%,0%,6.88,7
bengkel samarinda,0,0,40,45,0%,0%,11.53,9.36
harga servis kaki kaki mobil,0,0,39,54,0%,0%,6.74,7.57
spesialis kaki kaki mobil terdekat,0,0,39,82,0%,0%,9.08,8.33
service rack steer terdekat,0,0,36,65,0%,0%,8,7.31
tjm balikpapan,0,0,35,27,0%,0%,3.03,4.11
bengkel kaki kaki mobil bekasi,0,2,32,41,0%,4.88%,4.06,4.1
servis kaki kaki mobil berapa,0,0,32,51,0%,0%,7.03,7.49
bengkel kaki-kaki mobil,0,0,30,36,0%,0%,6.83,7.44
bengkel jogja,0,0,29,20,0%,0%,8,7.95
servis kaki kaki mobil habis berapa,0,0,28,21,0%,0%,8.32,9
ulasan trans jaya makmur (tjm auto care) gubengsurabaya,0,1,27,58,0%,1.72%,3.56,3.31
cek kaki kaki mobil,0,1,27,97,0%,1.03%,10.07,8.88
bengkel kaki,0,0,26,36,0%,0%,7.04,7.67
bengkel mobil surabaya terdekat,0,0,25,4,0%,0%,10.88,10.5
biaya service kaki2 mobil,0,0,24,25,0%,0%,7.96,9.68
bengkel kaki kaki mobil balikpapan,0,2,23,31,0%,6.45%,6.3,5.74
tjm motozone,0,0,23,48,0%,0%,10.13,9.52
bengkel surabaya,0,0,23,18,0%,0%,10.48,10.11
tjmfor autocare kota bogor,0,2,22,25,0%,8%,2.27,2
ulasan tjm auto care cilangkap,0,0,22,23,0%,0%,5.32,4.7
servis racksteer terdekat,0,1,22,14,0%,7.14%,6.14,5.86
auto care,0,0,21,28,0%,0%,6.24,6.36
tjm auto,0,2,21,47,0%,4.26%,12.33,3.47
ulasan tjm auto care harapan indah bekasi kota bekasi,0,0,20,66,0%,0%,5.05,3.97
servis kaki kaki mobil terdekat,0,0,20,38,0%,0%,5.4,7.37
bengkel kaki-kaki terdekat,0,0,20,21,0%,0%,5.75,6.95
bengkel kaki2,0,0,20,19,0%,0%,6.65,7.21
harga kaki kaki mobil,0,0,20,25,0%,0%,6.65,3.84
bengkel kaki2 terdekat,0,0,20,13,0%,0%,6.9,8
biaya kaki kaki mobil,0,0,19,25,0%,0%,7.11,2.76
bengkel palembang,0,0,19,17,0%,0%,8.74,8.59
tjm auto care jakarta timur,0,0,18,41,0%,0%,3.17,3.02
ulasan tjm auto care semarang,0,0,18,42,0%,0%,4.11,3
bengkel kaki-kaki mobil surabaya terbaik,0,1,18,15,0%,6.67%,7,5.87
biaya ganti kaki kaki mobil,0,0,18,26,0%,0%,7.17,7.42
trans jaya makmur auto care,0,1,17,26,0%,3.85%,3,3.04
servis kaki kaki mobil surabaya,0,0,17,31,0%,0%,3.29,3.68
berapa biaya servis kaki kaki mobil,0,0,17,34,0%,0%,7.12,8.12
tj motor,0,0,17,22,0%,0%,7.71,8
care terdekat,0,0,17,3,0%,0%,8.29,4.67
triple combo,0,0,16,16,0%,0%,1.25,3.06
autocare terdekat,0,0,16,16,0%,0%,3.94,3.38
spesialis kaki kaki mobil surabaya,0,0,16,16,0%,0%,4.81,3.94
bengkel kaki kaki di bandung,0,0,16,9,0%,0%,6.75,5
tjm autocare banjarmasin kota banjarmasin,0,0,15,23,0%,0%,2.27,2.17
bengkel kaki kaki jogja,0,1,15,20,0%,5%,4.2,3.9
tjm motor,0,0,15,37,0%,0%,6.07,5.35
biaya service kaki kaki mobil,0,0,15,13,0%,0%,7.53,7.69
mtm autoshock,0,1,15,13,0%,7.69%,8,9.31
paket service kaki-kaki mobil,0,0,14,11,0%,0%,2.29,1.18
tjm autocare bandung kota kabupaten bandung reviews,0,0,14,29,0%,0%,3.57,4.1
ulasan tjmfor autocare kota bogor,0,0,14,21,0%,0%,3.71,3.24
tjm jakarta barat,0,0,14,6,0%,0%,3.86,3.5
servis kaki mobil terdekat,0,0,14,15,0%,0%,7.57,8.53
autocare,0,0,14,20,0%,0%,7.64,7.65
biaya perbaikan kaki mobil,0,0,14,13,0%,0%,9.14,9
bengkel kaki kaki mobil jakarta barat,0,0,14,13,0%,0%,14.43,4.85
bengkel kaki kaki mobil harapan indah,0,0,13,11,0%,0%,5.15,6.09
service kaki kaki mobil jogja,0,1,13,14,0%,7.14%,6,4.93
harga perbaikan kaki kaki mobil,0,0,13,13,0%,0%,7.77,7.38
berapa biaya service kaki kaki mobil,0,0,13,15,0%,0%,7.92,6.87
bengkel kaki kaki mo,0,0,13,6,0%,0%,8.77,7.5
biaya servis kaki-kaki mobil,0,0,13,15,0%,0%,9.62,9.33
bengkel kaki kaki mobil medan,0,0,13,12,0%,0%,10.31,9.83
tj auto care,0,3,12,19,0%,15.79%,1.5,3.95
alamat tjm auto care,0,0,12,7,0%,0%,1.92,1.71
service kaki kaki mobil makassar,0,0,12,16,0%,0%,3,4
ulasan tjm autocare bandung kota kabupaten bandung,0,0,12,56,0%,0%,3.75,3.93
cek kaki kaki mobil surabaya,0,0,12,18,0%,0%,4.25,5.83
spesialis kaki kaki mobil bandung,0,0,12,11,0%,0%,5.67,4.73
bengkel servis kaki kaki mobil terdekat,0,0,12,24,0%,0%,6,4.62
tjm auto care balikpapan reviews,0,0,12,8,0%,0%,6.83,3
kaki kaki mobil bandung,0,0,12,16,0%,0%,7.17,6
bengkel mobil di samarinda,0,1,12,6,0%,16.67%,7.92,8.5
bengkel kaki kaki mobil jakarta timur,0,0,12,21,0%,0%,10.67,7.38
bengkel mobil surabaya,0,0,12,37,0%,0%,12.33,11.14
tjm group,0,1,11,19,0%,5.26%,1.64,1.58
tjm auto care tangsel,0,1,11,44,0%,2.27%,2.45,4.32
tjm autocare bogor,0,0,11,12,0%,0%,2.82,2.33
tjmautocare medan,0,0,11,7,0%,0%,3.91,3.57
ulasan tjm autocare lampung kota bandar lampung,0,0,11,8,0%,0%,5,5.38
bengkel mobil spesialis kaki kaki,0,0,11,8,0%,0%,5.55,8.25
benerin kaki kaki mobil berapa,0,0,11,34,0%,0%,5.82,7.47
ulasan tjm auto care jakarta barat,0,0,11,14,0%,0%,6.91,5.5
spesialis kaki kaki,0,0,11,12,0%,0%,7.09,7.17
bengkel kaki kaki mobil terdekat buka sekarang,0,0,11,2,0%,0%,7.45,5.5
ulasan tjm auto care medan,0,0,11,15,0%,0%,8,6.67
bengkel.kaki kaki mobil,0,2,11,13,0%,15.38%,8.09,7.77
ulasan tjm auto care kota tangerang selatan,0,0,11,24,0%,0%,8.18,5
servis kaki mobil,0,0,11,4,0%,0%,8.64,8.5
bengkel mobil kaki kaki,0,1,11,5,0%,20%,9.82,7.4
bengkel mobil bali,0,0,11,2,0%,0%,12.27,8
jasa nano ceramic coating,0,0,11,5,0%,0%,55.36,32.6
bengkel mobil terdekat,0,1,10,20,0%,5%,2.4,5.9
tjm harapan indah,0,0,10,12,0%,0%,2.8,1.92
bengkel kaki mobil surabaya,0,0,10,5,0%,0%,3.6,3.6
harga service kaki kaki mobil,0,0,10,13,0%,0%,4.8,6
bengkel kaki kaki mobil terdekat dari lokasi saya,0,0,10,7,0%,0%,7.7,7.14
bengkel mobil palembang terdekat,0,0,10,12,0%,0%,8.1,8
harga benerin kaki kaki mobil,0,0,10,6,0%,0%,8.2,7.17
perbaikan kaki kaki mobil terdekat,0,1,10,22,0%,4.55%,9.3,6.91
service kaki mobil,0,1,10,25,0%,4%,11.7,11.64
review tjm autocare,0,0,9,12,0%,0%,1,1.58
tjm auto care serang,0,1,9,8,0%,12.5%,1,2
tjm auto care harapan indah bekasi kota bekasi,0,0,9,13,0%,0%,2.22,1.31
tjm auto care jakarta utara,0,0,9,0,0%,0%,2.33,0
tjm auto care cibaduyut,0,1,9,5,0%,20%,2.56,2.6
tjm auto care review,0,0,9,7,0%,0%,3.22,1.86
bengkel buka terdekat,0,0,9,0,0%,0%,3.89,0
rekondisi kaki kaki mobil,0,1,9,15,0%,6.67%,4.56,3.93
bengkel onderstel mobil terdekat,0,0,9,2,0%,0%,5.11,4
bengkel kaki kaki mobil di bandung,0,0,9,8,0%,0%,6.11,5.88
tjm auto care bekasi reviews,0,0,9,32,0%,0%,6.22,6.53
service racksteer terdekat,0,0,9,8,0%,0%,6.33,9.38
kaki kaki terdekat,0,0,9,3,0%,0%,7.78,7.33
bengkel kaki-kaki,0,0,9,18,0%,0%,8.11,7.89
bengkel kaki2 mobil,0,0,9,32,0%,0%,8.56,9.12
bengkel di palembang,0,0,9,0,0%,0%,8.67,0
bengkel khusus kaki kaki mobil,0,0,9,19,0%,0%,14,8
tjm autocare jakarta,0,0,8,10,0%,0%,2,1.8
tjm palembang,0,0,8,12,0%,0%,2.5,1.83
tjm cilangkap,0,0,8,15,0%,0%,2.62,2.4
service kaki kaki mobil samarinda,0,1,8,8,0%,12.5%,3.62,4.38
tjm autocare medan,0,0,8,10,0%,0%,3.75,3.6
service shock palembang,0,0,8,0,0%,0%,4.12,0
trans jaya makmur auto care reviews,0,0,8,26,0%,0%,4.12,4.27
tjm auto care bali new kota denpasar reviews,0,0,8,6,0%,0%,4.5,3.17
ulasan tjm autocare banjarmasin kota banjarmasin,0,0,8,22,0%,0%,4.88,3.32
benerin kaki kaki mobil,0,0,8,7,0%,0%,5,5.29
bengkel servis kaki kaki mobil,0,0,8,9,0%,0%,5,7.33
tjm auto care bandung reviews,0,0,8,5,0%,0%,6,5.2
tjm auto care jakarta barat reviews,0,0,8,12,0%,0%,6.12,4.5
berapa servis kaki kaki mobil,0,0,8,19,0%,0%,6.88,8.89
bengkel spesialis kaki-kaki mobil terdekat,0,0,8,7,0%,0%,7.38,4.86
berapa biaya cek kaki kaki mobil,0,0,8,18,0%,0%,7.62,7.06
estimasi perbaikan kaki kaki mobil,0,0,8,13,0%,0%,9,9.31
bengkel makassar,0,0,8,11,0%,0%,10.62,10.27
tjmautocare jogja,0,0,7,10,0%,0%,1,1
tjm autocare bandung kota kabupaten bandung,0,0,7,22,0%,0%,1.86,1.55
tjm bekasi,0,0,7,15,0%,0%,1.86,1.8
"""tjm auto care"" harapan indah bekasi",0,0,7,0,0%,0%,2.29,0
trans jaya makmur (tjm auto care) gubengsurabaya,0,1,7,10,0%,10%,2.43,2.3
tjm autocare balikpapan,0,0,7,12,0%,0%,2.57,3.75
tjm ciputat,0,0,7,10,0%,0%,2.57,2.6
tjm auto care harapan indah bekasi foto,0,0,7,3,0%,0%,3,3
tune up diesel,0,0,7,8,0%,0%,3.29,4.5
trans jaya makmur (tjm auto care) foto,0,0,7,6,0%,0%,3.57,3.33
spesialis kaki kaki mobil bekasi,0,0,7,12,0%,0%,3.71,3.75
tjm auto care cibubur,0,0,7,11,0%,0%,4.43,3.45
tjm auto care cilangkap reviews,0,0,7,17,0%,0%,6,4.41
tjm malang,0,1,7,17,0%,5.88%,6.71,3.82
bengkel spesial kaki kaki mobil terdekat,0,0,7,1,0%,0%,6.86,4
ulasan tjm auto care bandung,0,0,7,14,0%,0%,7,8.57
service kaki2 mobil terdekat,0,0,7,7,0%,0%,7.14,6.14
bengkel mobil khusus kaki kaki,0,0,7,8,0%,0%,7.86,9.75
bengkel khusus kaki kaki mobil terdekat,0,0,7,17,0%,0%,8.14,8.18
service mobil makassar,0,0,7,7,0%,0%,8.57,7.14
estimasi servis kaki kaki mobil,0,0,7,9,0%,0%,8.86,10.11
cuci mobil terdekat,0,0,6,0,0%,0%,1,0
service kaki-kaki mobil,0,0,6,11,0%,0%,1,3.18
tjm auto care kelapa gading,0,0,6,2,0%,0%,1,2
tjm auto care yogyakarta,0,0,6,12,0%,0%,1,1
tjm auto care foto,0,0,6,9,0%,0%,1.5,1.56
tjm auto car,0,0,6,4,0%,0%,1.67,2.75
tjm autocare terdekat,0,1,6,10,0%,10%,1.83,1.7
tjm auto care cipayung,0,0,6,4,0%,0%,2.33,2.25
tjm pekanbaru,0,0,6,4,0%,0%,3.17,3.75
tjm auto care bandung foto,0,0,6,17,0%,0%,3.5,5
service kaki kaki mobil bekasi,0,3,6,26,0%,11.54%,4.33,3.69
bengkel racksteer terdekat,0,0,6,12,0%,0%,4.5,9.58
kaki kaki mobil surabaya,0,2,6,13,0%,15.38%,4.67,4.69
tjm auto care pekanbaru foto,0,1,6,5,0%,20%,5,3
biaya cek kaki-kaki mobil,0,0,6,9,0%,0%,5.17,8.11
biaya pengecekan kaki kaki mobil,0,0,6,5,0%,0%,5.5,4.6
cek kaki kaki mobil bandung,0,0,6,2,0%,0%,5.5,3.5
biaya perawatan kaki kaki mobil,0,0,6,0,0%,0%,5.83,0
bengkel spesialis kaki kaki,0,0,6,18,0%,0%,6.33,8.5
kaki mobil terdekat,0,0,6,2,0%,0%,6.33,9.5
bengkel kaki kaki mobil terdekat rating tertinggi,0,0,6,2,0%,0%,6.67,8
bengkel kaki-kaki mobil terbaik di bekasi,0,1,6,6,0%,16.67%,6.67,6.67
bengkel service kaki kaki mobil,0,0,6,6,0%,0%,7,6.67
harga ganti kaki kaki mobil,0,0,6,3,0%,0%,7,7.33
bengkel mobil banjarmasin,0,0,6,3,0%,0%,7.17,4
tjm auto care tangsel reviews,0,0,6,7,0%,0%,7.17,5.57
service kaki kaki terdekat,0,0,6,10,0%,0%,7.5,6
tempat service kaki kaki mobil terdekat,0,0,6,5,0%,0%,7.67,4.8
bengkel kaki kaki mobil di medan,0,0,6,0,0%,0%,7.83,0
estimasi biaya servis kaki kaki mobil,0,0,6,10,0%,0%,9,9.7
ulasan tjm auto care malang,0,0,6,15,0%,0%,9.17,6.8
"""kaki kaki mobil""",0,0,6,14,0%,0%,9.5,9.21
servis kaki kaki,0,0,6,17,0%,0%,10.17,9.29
spesialis kaki mobil terdekat,0,0,6,18,0%,0%,10.33,9.5
"""kakikaki mobil""",0,0,6,18,0%,0%,10.83,8.94
bengkel mobil di palembang,0,0,6,4,0%,0%,24,9.5
tjmautocare bali,0,0,5,7,0%,0%,1,1
tripple combo,0,0,5,0,0%,0%,1,0
tjm auto care cilangkap foto,0,0,5,4,0%,0%,2.2,5.5
tjm autocare ciputat,0,0,5,11,0%,0%,2.4,2.09
bengkel shock mobil terdekat,0,0,5,1,0%,0%,2.6,3
tjmfor autocare foto,0,0,5,0,0%,0%,2.6,0
bengkel rack steer bekasi,0,0,5,2,0%,0%,3,3
ganti kaki kaki mobil berapa,0,0,5,9,0%,0%,3.2,4.22
tjm auto care cengkareng,0,0,5,11,0%,0%,3.2,2.64
tjm auto care sidoarjo,0,0,5,4,0%,0%,3.2,1.75
tjm autocare pekanbaru,0,1,5,6,0%,16.67%,3.2,3
tjm makassar,0,1,5,9,0%,11.11%,3.2,2.44
service kaki kaki bandung,0,0,5,3,0%,0%,3.4,5.33
tjmautocare pekanbaru,0,0,5,2,0%,0%,3.8,2.5
auto care terdekat,0,0,5,7,0%,0%,4,3.57
tjm express,0,1,5,12,0%,8.33%,4,3.92
tjm lampung,0,1,5,10,0%,10%,4.2,4.2
ulasan tjm auto care makassar,0,0,5,25,0%,0%,4.2,5.36
tjmfor autocare kota bogor reviews,0,0,5,7,0%,0%,4.6,3.43
service shockbreaker mobil surabaya,0,0,5,2,0%,0%,4.8,4.5
bengkel cek kaki kaki mobil,0,1,5,20,0%,5%,5,6.95
bengkel kaki kaki balikpapan,0,0,5,6,0%,0%,5,5.17
bengkel rekondisi kaki kaki mobil,0,1,5,6,0%,16.67%,5.6,5
bengkel shock mobil jogja,0,0,5,9,0%,0%,5.6,5.78
cek kaki kaki mobil berapa,0,0,5,11,0%,0%,5.8,5.73
tukang kaki kaki mobil terdekat,0,0,5,8,0%,0%,6,6.88
harga cek kaki kaki mobil,0,0,5,24,0%,0%,6.2,5.92
tukang kaki,0,0,5,4,0%,0%,6.8,7.75
bengkel spesialis kaki,0,0,5,4,0%,0%,7,8.25
autocare bandung,0,0,5,4,0%,0%,7.2,7.75
kaki kaki bandung,0,1,5,1,0%,100%,7.2,7
spesialis kaki-kaki mobil terdekat,0,0,5,11,0%,0%,7.6,6.73
bengkel power steering palembang,0,0,5,3,0%,0%,7.8,7.67
berapa harga servis kaki kaki mobil,0,0,5,13,0%,0%,7.8,8.15
cek kaki-kaki mobil terdekat,0,0,5,5,0%,0%,8.6,9
repair kaki kaki mobil,0,0,5,3,0%,0%,9.4,8
paket tune up mobil terdekat,0,0,5,17,0%,0%,9.6,9.29
cek kaki kaki,0,0,5,3,0%,0%,10.6,3.33
bengkel spesialis kaki kaki mobil di medan,0,0,5,1,0%,0%,11.6,5
bengkel auto,0,0,5,5,0%,0%,14,12
jasa perbaikan kaki kaki mobil,0,0,4,6,0%,0%,1,1
peremajaan kaki kaki mobil,0,0,4,15,0%,0%,1,9.93
tjm autocare semarang,0,0,4,16,0%,0%,1,1.12
tjmautocare jakarta,0,0,4,0,0%,0%,2,0
tjmautocare samarinda,0,1,4,5,0%,20%,2,2
tj auto,0,0,4,1,0%,0%,2.5,3
bengkel motor terdekat,0,0,4,0,0%,0%,3,0
bengkel suspensi mobil terdekat,0,0,4,1,0%,0%,3,2
bengkel spesialis kaki kaki mobil bekasi,0,0,4,9,0%,0%,3.5,3.44
bengkel spesialis kaki kaki mobil surabaya,0,1,4,3,0%,33.33%,3.5,3
ulasan tjm auto care jogja,0,0,4,6,0%,0%,4.25,4
bengkel kaki kaki jakarta barat,0,1,4,4,0%,25%,4.5,4.5
service kaki-kaki mobil harga,0,0,4,4,0%,0%,5.25,6.75
bengkel kaki-kaki mobil jakarta barat,0,0,4,5,0%,0%,5.5,5.2
bengkel shock mobil surabaya,0,0,4,15,0%,0%,5.5,4.87
bengkel per mobil terdekat,0,0,4,1,0%,0%,6,3
bengkel kaki mobil bekasi,0,0,4,3,0%,0%,6.25,3.67
bengkel perbaikan kaki kaki mobil,0,0,4,16,0%,0%,6.25,7.12
bengkel mobil cengkareng,0,0,4,1,0%,0%,6.75,11
servis shock mobil jogja,0,0,4,7,0%,0%,6.75,5
pengecekan kaki kaki mobil terdekat,0,0,4,5,0%,0%,7,8.6
bengkel kaki kai,0,0,4,7,0%,0%,7.25,6.71
bengkel kaki-kaki mobil surabaya barat,0,0,4,3,0%,0%,7.5,5
bengkel perbaikan kaki kaki mobil terdekat,0,0,4,5,0%,0%,8,5.4
berapa biaya servis kaki-kaki mobil,0,0,4,1,0%,0%,8.5,7
bengkel kaki kaki mobil jakarta,0,0,4,2,0%,0%,8.75,10
bengkel shockbreaker mobil jakarta timur,0,0,4,0,0%,0%,9.25,0
biaya perbaikan kaki-kaki mobil,0,0,4,27,0%,0%,9.25,10.37
biaya peremajaan kaki kaki mobil,0,0,4,5,0%,0%,9.25,10.8
reparasi kaki kaki mobil,0,1,4,4,0%,25%,9.25,8.75
tjm adalah,0,0,4,5,0%,0%,9.25,4
ulasan tjm auto care pekanbaru,0,0,4,7,0%,0%,9.25,6.29
service mobil palembang,0,0,4,8,0%,0%,10,9
bengkel kaki-kaki mobil terbaik di jakarta timur,0,1,4,4,0%,25%,11.5,9.5
bengkel onderstel mobil,0,0,4,2,0%,0%,17,20
alamat tjm auto care surabaya,0,1,3,2,0%,50%,1,1
car wash terdekat,0,0,3,0,0%,0%,1,0
paket kaki kaki mobil,0,0,3,19,0%,0%,1,1.11
tjmautocare semarang,0,0,3,4,0%,0%,1,1
ulasan tjm auto care medan 2,0,0,3,13,0%,0%,1,2.92
tjm auto service,0,1,3,7,0%,14.29%,1.33,2
tjm autocar,0,0,3,1,0%,0%,1.33,2
bengkel tjm bandung,0,1,3,4,0%,25%,1.67,1.75
bengkel kaki kaki mobil di palembang,0,0,3,3,0%,0%,2,2.67
bengkel kaki kaki samarinda,0,0,3,2,0%,0%,2,3
tj autocare,0,0,3,4,0%,0%,2,2
tjm auto care harapan indah bekasi,0,0,3,11,0%,0%,2,1.73
tjm auto care samarinda foto,0,0,3,5,0%,0%,2,2.6
tjm autocare jakarta barat,0,0,3,5,0%,0%,2.67,2.4
tjm auto care semarang foto,0,1,3,4,0%,25%,3,2.75
trans jaya makmur auto care bogor,0,1,3,4,0%,25%,3,3.25
bengkel shockbreaker mobil terdekat,0,0,3,4,0%,0%,4,7.5
kaki kaki mobil jogja,0,0,3,11,0%,0%,4,4.27
tj auto detailing,0,0,3,1,0%,0%,4,3
bengkel kaki kaki mobil di bekasi,0,0,3,6,0%,0%,4.33,4.33
bengkel kaki mobil jogja,0,0,3,4,0%,0%,4.67,4.25
pt tjm,0,0,3,7,0%,0%,4.67,1
spesialis kaki kaki mobil makassar,0,1,3,10,0%,10%,4.67,5.2
mekanik car care adalah,0,0,3,4,0%,0%,5,9.5
service rack steer surabaya,0,0,3,11,0%,0%,5,4.82
tjm auto care jakarta barat photos,0,0,3,0,0%,0%,5,0
spesialis bengkel kaki kaki mobil,0,0,3,4,0%,0%,5.33,7.75
auti care,0,0,3,0,0%,0%,6,0
bengkel kaki kaki mobil di jogja,0,0,3,2,0%,0%,6,6.5
kaki kaki mobil palembang,0,0,3,0,0%,0%,6.67,0
service kaki kaki mobil harga,0,0,3,4,0%,0%,6.67,7
ahli kaki kaki mobil,0,0,3,6,0%,0%,7,7
biaya service kaki kaki,0,0,3,3,0%,0%,7,2.67
pemilik tjm auto care,0,1,3,7,0%,14.29%,7.33,2.29
tjm auto care cimahi,0,0,3,5,0%,0%,7.33,5.8
biaya memperbaiki kaki kaki mobil,0,0,3,1,0%,0%,7.67,8
ahli kaki kaki mobil terdekat,0,0,3,8,0%,0%,8.33,6.62
bengkel spesialis kaki mobil terdekat,0,0,3,0,0%,0%,8.33,0
biaya onderstel mobil,0,0,3,1,0%,0%,8.33,10
cek kaki2 mobil terdekat,0,0,3,4,0%,0%,8.33,7.25
spesialis kaki,0,0,3,1,0%,0%,8.33,11
"bengkel resmi mana di indonesia paling terpercaya buat garansi tambahan + 
jadwal maintenance?",0,0,3,0,0%,0%,9,0
servis kaki,0,0,3,2,0%,0%,9,7
biaya service kaki mobil,0,0,3,0,0%,0%,9.33,0
bengkel kaki-kaki mobil bandung murah,0,0,3,6,0%,0%,9.67,8.17
bengkel mobil bandung terdekat,0,0,3,5,0%,0%,10.33,12.8
bengkel bekasi,0,0,3,14,0%,0%,10.67,9.79
biaya perbaikan kaki kaki mobil,0,0,3,5,0%,0%,10.67,9.8
bengkel di surabaya,0,0,3,0,0%,0%,11,0
biaya servis kaki-kaki mobil sedan,0,0,3,0,0%,0%,11.33,0
service injektor mobil diesel terdekat,0,1,3,6,0%,16.67%,11.33,6.67
bengkel spesialis kaki mobil,0,1,3,6,0%,16.67%,14.33,3.83
cek kaki mobil terdekat,0,0,2,2,0%,0%,1,1
jasa kaki kaki mobil,0,0,2,0,0%,0%,1,0
jasa pasang kaki kaki mobil,0,0,2,13,0%,0%,1,2.15
tjm auto care bali new kota denpasar,0,0,2,1,0%,0%,1,1
ya,0,0,2,0,0%,0%,1,0
bengkel onderstel terdekat,0,0,2,0,0%,0%,1.5,0
bengkel tjm auto care terdekat,0,0,2,8,0%,0%,1.5,1.88
tjm bali,0,3,2,10,0%,30%,1.5,1.5
bengkel kaki kaki mobil terbaik di palembang,0,1,2,10,0%,10%,2,2.2
bengkel kaki-kaki mobil samarinda,0,3,2,4,0%,75%,2,1.75
bengkel tjm surabaya,0,1,2,6,0%,16.67%,2,2
paket hemat 1,0,0,2,6,0%,0%,2,4.33
tjm auto care cikarang,0,2,2,5,0%,40%,2,2
bengkel tjm harapan indah,0,0,2,5,0%,0%,2.5,2.2
tjm autocare lampung kota bandar lampung,0,0,2,12,0%,0%,2.5,3.58
bengkel kaki-kaki mobil bekasi,0,1,2,9,0%,11.11%,3,3.67
bengkel power steering mobil terdekat,0,0,2,0,0%,0%,3,0
komponen kaki kaki,0,0,2,0,0%,0%,3,0
servis shockbreaker mobil terdekat,0,0,2,7,0%,0%,3,7
tjm medan 2,0,0,2,2,0%,0%,3,1.5
bengkel tjm bogor,0,0,2,0,0%,0%,3.5,0
servis mobil diesel,0,0,2,7,0%,0%,3.5,6.43
bengkel kaki kaki harapan indah,0,0,2,5,0%,0%,4,7.6
layanan opik bengkel kaki kaki kota bekasi,0,0,2,2,0%,0%,4,2
rekondisi shockbreaker mobil terdekat,0,0,2,0,0%,0%,4,0
bengkel kaki kaki jakarta timur,0,0,2,7,0%,0%,4.5,7
jasa bongkar pasang kaki kaki mobil,0,0,2,2,0%,0%,4.5,10.5
bengkel kaki kaki mobil tangerang selatan,0,1,2,9,0%,11.11%,5,7
logo tjm,0,0,2,5,0%,0%,5,6
specialist kaki kaki mobil terdekat,0,1,2,7,0%,14.29%,5,5.29
tempat servis kaki kaki mobil terdekat,0,0,2,2,0%,0%,5,6.5
tuning diesel,0,0,2,0,0%,0%,5,0
bengkel rack steer mobil terdekat,0,0,2,0,0%,0%,5.5,0
jasa service kaki kaki mobil,0,0,2,4,0%,0%,5.5,1
service mobil terdekat,0,0,2,3,0%,0%,5.5,6.33
tjm auto care malang foto,0,0,2,7,0%,0%,5.5,3.86
tjm auto care malang reviews,0,0,2,9,0%,0%,5.5,3.22
bengkel spesialis kaki-kaki mobil,0,0,2,7,0%,0%,6,8.71
paket tune up,0,0,2,2,0%,0%,6,1
service kaki,0,0,2,3,0%,0%,6,7
bengkel kaki mobil bandung,0,1,2,14,0%,7.14%,6.5,5.5
bengkel kaki-kaki mobil medan,0,0,2,1,0%,0%,6.5,6
bengkel mobil spesialis kaki kaki terdekat,0,0,2,0,0%,0%,7,0
motor tjm,0,0,2,2,0%,0%,7,7.5
bengkel kaki kaki jakarta selatan,0,0,2,0,0%,0%,7.5,0
bengkel kaki-kaki mobil terdekat rating tertinggi,0,0,2,4,0%,0%,7.5,8
bengkel shock palembang,0,0,2,5,0%,0%,7.5,4.8
service tie rod terdekat,0,0,2,2,0%,0%,7.5,9
bengkel doortrim terdekat,0,0,2,1,0%,0%,8,11
bengkel kaki2 mobil terdekat rating tertinggi,0,0,2,0,0%,0%,8,0
biaya benerin kaki kaki mobil,0,0,2,10,0%,0%,8,8.7
tjm express cimahi reviews,0,0,2,3,0%,0%,8,8.67
auto cate,0,0,2,1,0%,0%,9,12
bengkel di samarinda,0,0,2,3,0%,0%,9,8.67
bengkel kaki kaki motor,0,0,2,4,0%,0%,9,9
bengkel mobil samarinda 24 jam,0,0,2,1,0%,0%,9,10
service kaki kaki mobil jakarta,0,0,2,1,0%,0%,9,10
autocare adalah,0,0,2,1,0%,0%,9.5,10
bengkel kaki kaki mobil yang bagus di medan,0,0,2,0,0%,0%,9.5,0
mobil tj,0,0,2,0,0%,0%,9.5,0
bengkel di jogja,0,0,2,1,0%,0%,10,10
"blk. n - o jl. barata jaya no.20, baratajaya, kec. gubeng, surabaya, jawa 
timur 60284",0,0,2,0,0%,0%,10,0
service kaki kaki mobil bogor,0,0,2,1,0%,0%,11,10
bengkel kaki kaki mobil malang,0,0,2,1,0%,0%,11.5,12
service kaki kaki mobil apa saja,0,0,2,3,0%,0%,11.5,11.67
bengkel cek kaki,0,0,2,3,0%,0%,12,5.33
tune up diesel apa saja,0,0,2,1,0%,0%,12.5,1
bengkel spesialis,0,0,2,1,0%,0%,15.5,12
service kaki kaki mobil meliputi apa saja,0,0,2,1,0%,0%,17,14
autocare indonesia,0,0,2,0,0%,0%,19.5,0
bengkel,0,0,2,2,0%,0%,25,12
service onderstel mobil,0,0,2,2,0%,0%,25.5,11
paket service mobil,0,0,2,0,0%,0%,65,0
ac mobil banjarmasin,0,0,1,0,0%,0%,1,0
aksesoris mobil terdekat,0,0,1,0,0%,0%,1,0
apa itu tjm,0,0,1,4,0%,0%,1,1
auto stering,0,0,1,0,0%,0%,1,0
bengkel ac mobil terdekat,0,0,1,2,0%,0%,1,1
bengkel ceper mobil terdekat,0,0,1,0,0%,0%,1,0
bengkel chevrolet bekasi,0,0,1,0,0%,0%,1,0
bengkel kia terdekat,0,0,1,0,0%,0%,1,0
bengkel mobil,0,0,1,0,0%,0%,1,0
bengkel mobil near me,0,0,1,0,0%,0%,1,0
bengkel mobil tua,0,0,1,0,0%,0%,1,0
bengkel power steering terdekat,0,0,1,2,0%,0%,1,3.5
bengkel rekomendasi terdekat,0,0,1,0,0%,0%,1,0
bengkel sepeda,0,0,1,0,0%,0%,1,0
bengkel shock motor,0,0,1,0,0%,0%,1,0
berapa harga nya,0,0,1,0,0%,0%,1,0
boleh,0,0,1,1,0%,0%,1,4
carwash terdekat,0,0,1,0,0%,0%,1,0
cat motor bali,0,0,1,0,0%,0%,1,0
combo triple,0,0,1,1,0%,0%,1,1
cucian mobil terdekat,0,0,1,0,0%,0%,1,0
duco mobil terdekat,0,0,1,0,0%,0%,1,0
galangan terdekat,0,0,1,0,0%,0%,1,0
ganti oli mobil banjarmasin,0,0,1,1,0%,0%,1,3
gasruk,0,0,1,0,0%,0%,1,0
harga,0,0,1,0,0%,0%,1,0
inspection near me,0,0,1,0,0%,0%,1,0
jasa cek kaki kaki mobil,0,0,1,0,0%,0%,1,0
john's auto care,0,0,1,0,0%,0%,1,0
jtm auto,0,0,1,0,0%,0%,1,0
kaki kaki kijang super,0,0,1,0,0%,0%,1,0
kaki-kaki,0,0,1,0,0%,0%,1,0
royal auto care,0,0,1,0,0%,0%,1,0
salon mobil terdekat,0,0,1,0,0%,0%,1,0
sam carwash,0,0,1,0,0%,0%,1,0
service ac mobil 24 jam terdekat,0,0,1,0,0%,0%,1,0
service impact terdekat,0,0,1,0,0%,0%,1,0
service power window terdekat,0,0,1,0,0%,0%,1,0
service shockbreaker motor medan,0,0,1,0,0%,0%,1,0
service shockbreaker terdekat,0,0,1,0,0%,0%,1,0
servis shockbreaker motor terdekat buka sekarang,0,0,1,0,0%,0%,1,0
shaking machine surabaya,0,0,1,0,0%,0%,1,0
shockbreaker mobil terdekat,0,0,1,0,0%,0%,1,0
steam terdekat,0,0,1,0,0%,0%,1,0
tj motor care,0,0,1,3,0%,0%,1,1.67
tjm audio lampung,0,0,1,0,0%,0%,1,0
tjm suspension,0,0,1,0,0%,0%,1,0
triple combos,0,0,1,0,0%,0%,1,0
variasi lampu terdekat,0,0,1,0,0%,0%,1,0
wax mobil terdekat,0,0,1,0,0%,0%,1,0
bagian bagian kaki,0,0,1,0,0%,0%,2,0
bengkel kaki kaki mobil depok,0,0,1,0,0%,0%,2,0
bengkel mks,0,0,1,0,0%,0%,2,0
bengkel mobil tjm,0,0,1,2,0%,0%,2,1
bengkel tjm auto care,0,0,1,5,0%,0%,2,1.8
berapa biayanya?,0,0,1,0,0%,0%,2,0
iya,0,0,1,0,0%,0%,2,0
jantra kaki kaki tangerang,0,0,1,0,0%,0%,2,0
kaki mobil,0,0,1,0,0%,0%,2,0
kia bengkel,0,0,1,0,0%,0%,2,0
power steering,0,0,1,0,0%,0%,2,0
pt solusi motor indonesia,0,0,1,0,0%,0%,2,0
samarinda?,0,0,1,0,0%,0%,2,0
service per mobil terdekat,0,0,1,0,0%,0%,2,0
sparepart motor,0,0,1,0,0%,0%,2,0
take car,0,0,1,0,0%,0%,2,0
tempat radiator mobil,0,0,1,0,0%,0%,2,0
tjm auto care kota tangerang selatan,0,0,1,12,0%,0%,2,2.75
tjm cengkareng,0,0,1,9,0%,0%,2,2.22
tjm ma,0,0,1,0,0%,0%,2,0
tjm management,0,0,1,0,0%,0%,2,0
tjm service,0,1,1,4,0%,25%,2,1.5
tjm.,0,0,1,1,0%,0%,2,1
tjs motor,0,0,1,0,0%,0%,2,0
한국어,0,0,1,0,0%,0%,2,0
bengkel car,0,0,1,0,0%,0%,3,0
bengkel kaki kaki di bekasi,0,0,1,3,0%,0%,3,3
bengkel kaki kaki tulungagung,0,0,1,0,0%,0%,3,0
bengkel mobil bjm,0,0,1,1,0%,0%,3,8
berapa biayanya,0,0,1,0,0%,0%,3,0
kaki kaki mobil apa saja,0,0,1,0,0%,0%,3,0
rekomendasi bengkel kaki kaki mobil terdekat,0,0,1,0,0%,0%,3,0
service stir mobil terdekat,0,0,1,0,0%,0%,3,0
servis shock mobil terdekat,0,0,1,3,0%,0%,3,4.67
tjm autocare lampung,0,0,1,3,0%,0%,3,3.33
trans jaya makmur,0,0,1,4,0%,0%,3,2.75
trans jaya makmur auto care bandung,0,0,1,11,0%,0%,3,2.55
bengkel shockbreaker mobil jogja,0,0,1,7,0%,0%,4,4.71
bengkel shockbreaker mobil makassar,0,0,1,0,0%,0%,4,0
bengkel ter,0,0,1,0,0%,0%,4,0
cuci motor terdekat,0,0,1,0,0%,0%,4,0
service dongkrak mobil terdekat,0,0,1,0,0%,0%,4,0
thm auto center,0,0,1,0,0%,0%,4,0
tjmfor autocare ulasan,0,0,1,6,0%,0%,4,4
toko kaki kaki mobil terdekat,0,0,1,4,0%,0%,4,2
auto service care,0,0,1,0,0%,0%,5,0
bengkel kereta near me,0,0,1,0,0%,0%,5,0
bengkel per terdekat,0,0,1,0,0%,0%,5,0
bengkel radiator mobil terdekat,0,0,1,0,0%,0%,5,0
bengkel spesialis kaki kaki mobil bandung,0,0,1,5,0%,0%,5,5.2
bengkel tierod mobil terdekat,0,0,1,1,0%,0%,5,6
car wash malang,0,0,1,0,0%,0%,5,0
toko onderdil motor terdekat,0,0,1,0,0%,0%,5,0
tukang shockbreaker mobil terdekat,0,0,1,0,0%,0%,5,0
ulasan tjm auto care bali new kota denpasar,0,0,1,7,0%,0%,5,4.29
bunyi gluduk harga kaki kaki mobil,0,0,1,0,0%,0%,6,0
servis rem mobil,0,0,1,0,0%,0%,6,0
auto suspension,0,0,1,2,0%,0%,7,9.5
bengkel banjarmasin,0,0,1,0,0%,0%,7,0
bengkel innova terdekat,0,0,1,0,0%,0%,7,0
bengkel kaki-kaki mobil makassar,0,1,1,5,0%,20%,7,5.2
bengkel specialist kaki kaki mobil jogja,0,0,1,0,0%,0%,7,0
ganti bearing roda mobil,0,0,1,0,0%,0%,7,0
rekomendasi service kaki kaki mobil,0,0,1,3,0%,0%,7,8
service kaki kaki mobil terdekat rating tertinggi,0,0,1,0,0%,0%,7,0
tj mobil,0,0,1,1,0%,0%,7,5
tjm auto care balikpapan foto,0,0,1,5,0%,0%,7,4.8
tjmautocare lampung,0,0,1,4,0%,0%,7,3.25
bengkel kaki kaki motor terdekat,0,0,1,0,0%,0%,8,0
bengkel kaki-kaki mobil terdekat dari lokasi saya,0,0,1,3,0%,0%,8,10.33
bengkel mobil buka hari ini,0,0,1,0,0%,0%,8,0
berapa biaya ganti kaki kaki mobil,0,0,1,0,0%,0%,8,0
service shock banjarmasin,0,0,1,0,0%,0%,8,0
bengkel kaki mobil bogor,0,0,1,0,0%,0%,9,0
brake,0,0,1,0,0%,0%,9,0
service kaki kaki mobil di medan,0,0,1,2,0%,0%,9,12
service rack steer bogor,0,0,1,2,0%,0%,9,10
service shockbreaker mobil bogor,0,0,1,1,0%,0%,9,11
servis kaki2 mobil,0,0,1,0,0%,0%,9,0
servis mobil palembang,0,0,1,1,0%,0%,9,10
tj care,0,0,1,0,0%,0%,9,0
tjm marketing,0,0,1,0,0%,0%,9,0
bengkel kaki kaki karawang,0,0,1,0,0%,0%,10,0
bengkel kaki kaki mobil di depok,0,0,1,0,0%,0%,10,0
bengkel kaki kaki mobil terbaik di bogor,0,0,1,0,0%,0%,10,0
bengkel kaki-kaki bandung,0,0,1,2,0%,0%,10,7.5
bengker kaki,0,0,1,5,0%,0%,10,10
cek kaki kaki mobil medan,0,0,1,2,0%,0%,10,5
djm autocare,0,0,1,4,0%,0%,10,7.75
domo kaki kaki surabaya,0,0,1,0,0%,0%,10,0
indonesia auto - spesialis ac mobil & kaki-kaki mobil ulasan,0,0,1,0,0%,0%,10,0
kaki kaki mobil bengkel,0,0,1,9,0%,0%,10,5.56
makmur auto service,0,0,1,2,0%,0%,10,7.5
nano ceramic coating terdekat,0,0,1,2,0%,0%,10,9
service booster rem terdekat,0,0,1,0,0%,0%,10,0
tempat ceper mobil terdekat,0,0,1,0,0%,0%,10,0
"ulasan bengkel shock & servis motor ""18"" jakarta",0,0,1,0,0%,0%,10,0
auto care artinya,0,0,1,3,0%,0%,11,10.33
bengkel di bekasi,0,0,1,0,0%,0%,11,0
jasa servis kaki kaki mobil,0,0,1,6,0%,0%,11,1
jm auto care,0,0,1,0,0%,0%,11,0
mobil terdekat,0,0,1,0,0%,0%,11,0
nano terdekat,0,0,1,0,0%,0%,11,0
service diesel terdekat,0,0,1,16,0%,0%,11,9
service kaki kaki mobil bandar lampung,0,0,1,3,0%,0%,11,9.67
servis kaki kaki mobil pekanbaru,0,0,1,0,0%,0%,11,0
custom shockbreaker mobil,0,0,1,2,0%,0%,12,8
service kaki kaki mobil habis berapa,0,0,1,0,0%,0%,12,0
auto diesel,0,0,1,0,0%,0%,13,0
engine tune up diesel,0,0,1,1,0%,0%,13,1
pengecekan kaki kaki mobil,0,0,1,2,0%,0%,13,1
bengkel kaki kaki mobil bogor,0,0,1,6,0%,0%,14,8.33
bengkel mobil buka lebaran,0,0,1,0,0%,0%,17,0
bengkel servis motor terdekat,0,0,1,0,0%,0%,18,0
bengkel spooring mobil,0,0,1,0,0%,0%,18,0
spesialis shockbreaker mobil,0,0,1,0,0%,0%,18,0
bengkel knalpot mobil makassar,0,0,1,0,0%,0%,19,0
detailing mobil,0,0,1,0,0%,0%,19,0
bengkel ac mobil jogja,0,0,1,0,0%,0%,28,0
bengkel kaki kaki mobil cimahi,0,0,1,0,0%,0%,30,0
bengkel kaki kaki cibubur,0,0,1,0,0%,0%,38,0
bengkel terdekat dari lokasi saya,0,0,1,0,0%,0%,43,0
service jok mobil kota malang jawa timur,0,0,1,1,0%,0%,43,44
bengkel mobil di bekasi,0,0,1,5,0%,0%,46,10.4
total auto care,0,0,1,0,0%,0%,53,0
bengkel shockbreaker mobil bekasi,0,2,0,12,0%,16.67%,0,3.75
bengkel kaki kaki tjm,0,2,0,4,0%,50%,0,2
estimasi biaya perbaikan kaki-kaki mobil,0,1,0,10,0%,10%,0,8.2
spesialis kaki mobil,0,1,0,8,0%,12.5%,0,7
tjm promo,0,1,0,2,0%,50%,0,1
bengkel mobil tune up terdekat,0,1,0,1,0%,100%,0,1
spesialis shockbreaker mobil terdekat,0,1,0,1,0%,100%,0,2
rack steer brio,0,1,0,1,0%,100%,0,3
bengkel mobil bekasi,0,0,0,24,0%,0%,0,10.62
bengkel mobil auto care service kota tangerang selatan,0,0,0,23,0%,0%,0,7.78
tjm autocare samarinda,0,0,0,19,0%,0%,0,1.95
ulasan tjm auto care yogyakarta (ꦠ꧀ꦗ꧀ꦩ꧀ꦎꦴꦠꦺꦴꦕꦫꦺꦪꦺꦴꦒꦾꦏꦂꦠ) kabupaten sleman,0,0,0,13,0%,0%,0,2.85
tune up mobil avanza meliputi apa saja,0,0,0,12,0%,0%,0,1
berapa biaya perbaikan kaki kaki mobil,0,0,0,11,0%,0%,0,9
suntik shockbreaker mobil terdekat,0,0,0,10,0%,0%,0,8.4
tjm motozone kota bekasi,0,0,0,8,0%,0%,0,7.12
estimasi biaya perbaikan kaki kaki mobil,0,0,0,8,0%,0%,0,9
tjm auto care daan mogot,0,0,0,7,0%,0%,0,1.86
tjm head office,0,0,0,7,0%,0%,0,4
bengkel mobil cek kaki,0,0,0,7,0%,0%,0,5.57
ongkos servis kaki kaki mobil,0,0,0,7,0%,0%,0,9
biaya servis di jantra kaki-kaki,0,0,0,6,0%,0%,0,1
cara cek kaki kaki mobil,0,0,0,6,0%,0%,0,1
gambar trans jaya makmur (tjm auto care) gubengsurabaya,0,0,0,6,0%,0%,0,1.83
bengkel mobil tjm auto care,0,0,0,6,0%,0%,0,2
tjm auto care tangsel photos,0,0,0,6,0%,0%,0,2
bengkel kaki kaki mobil di harapan indah,0,0,0,6,0%,0%,0,8
cek kaki kaki mobil gratis,0,0,0,6,0%,0%,0,8.33
tjm auto care jakarta barat foto,0,0,0,5,0%,0%,0,3.6
bengkel rekondisi shockbreaker mobil,0,0,0,5,0%,0%,0,4.6
bengkel kaki-kaki mobil bekasi timur,0,0,0,5,0%,0%,0,5.8
bengkel kaki kaki murah,0,0,0,5,0%,0%,0,8.6
tjm company,0,0,0,4,0%,0%,0,2.5
service shock breaker mobil terdekat,0,0,0,4,0%,0%,0,3.5
tempat cek kaki kaki mobil terdekat,0,0,0,4,0%,0%,0,3.5
rekomendasi bengkel kaki kaki mobil bandung,0,0,0,4,0%,0%,0,7.5
tjm auto care harapan indah,0,0,0,3,0%,0%,0,1.67
bengkel kaki-kaki mobil palembang,0,0,0,3,0%,0%,0,3.33
bengkel shock motor samarinda,0,0,0,3,0%,0%,0,3.33
profil bengkel mobil,0,0,0,3,0%,0%,0,4.33
bengkel kaki-kaki mobil jakarta timur,0,0,0,3,0%,0%,0,6
bengkel rack steer terdekat,0,0,0,3,0%,0%,0,7
autocare surabaya,0,0,0,3,0%,0%,0,9
periksa kaki kaki mobil,0,0,0,3,0%,0%,0,9.67
service rack steer bandung,0,0,0,3,0%,0%,0,9.67
east tuning daan mogot,0,0,0,3,0%,0%,0,10
mobil auto care,0,0,0,3,0%,0%,0,11
bengkel kaki kaki mobil banyuwangi,0,0,0,2,0%,0%,0,1
bengkel kaki-kaki mobil terbaik di bandung,0,0,0,2,0%,0%,0,1
berapa biaya kaki kaki mobil,0,0,0,2,0%,0%,0,1
cek kaki mobil,0,0,0,2,0%,0%,0,1
santoso jaya ban,0,0,0,2,0%,0%,0,1
tjm auto care yogyakarta (ꦠ꧀ꦗ꧀ꦩ꧀ꦎꦴꦠꦺꦴꦕꦫꦺꦪꦺꦴꦒꦾꦏꦂꦠ) kabupaten sleman,0,0,0,2,0%,0%,0,1
tjm auto care samarinda kota samarinda,0,0,0,2,0%,0%,0,1.5
auto service banjarmasin,0,0,0,2,0%,0%,0,2
bengkel kaki kaki mobil purwokerto,0,0,0,2,0%,0%,0,2
jtm auto care,0,0,0,2,0%,0%,0,2
bengkel kaki mobil purwokerto,0,0,0,2,0%,0%,0,2.5
ulasan tjm express cimahi,0,0,0,2,0%,0%,0,2.5
tim auto servis,0,0,0,2,0%,0%,0,5
tjm motozone kota bekasi reviews,0,0,0,2,0%,0%,0,5
bengkel service rack steer terdekat,0,0,0,2,0%,0%,0,5.5
tj car wash,0,0,0,2,0%,0%,0,5.5
servis terot mobil,0,0,0,2,0%,0%,0,6
jm autocare,0,0,0,2,0%,0%,0,6.5
service gardan mobil terdekat,0,0,0,2,0%,0%,0,7
bengkel mobil power steering terdekat,0,0,0,2,0%,0%,0,7.5
tune up diesel engine,0,0,0,2,0%,0%,0,7.5
bengkel kaki kaki jakarta,0,0,0,2,0%,0%,0,8.5
bengkel indonesia,0,0,0,2,0%,0%,0,9
bengkel shockbreaker mobil,0,0,0,2,0%,0%,0,9
general tune up,0,0,0,2,0%,0%,0,9
oli mobil avanza,0,0,0,2,0%,0%,0,9
tjm motor rangkasbitung,0,0,0,2,0%,0%,0,9
tune up mobil terdekat,0,0,0,2,0%,0%,0,10.5
bengkel kaki kaki mobil jakarta selatan,0,0,0,2,0%,0%,0,11
bengkel mobil diesel terdekat,0,0,0,2,0%,0%,0,13
ac mobil terdekat,0,0,0,1,0%,0%,0,1
alamat jogja,0,0,0,1,0%,0%,0,1
auto steering,0,0,0,1,0%,0%,0,1
ball joint mobil,0,0,0,1,0%,0%,0,1
bengkel bogor,0,0,0,1,0%,0%,0,1
bengkel kabel body mobil terdekat,0,0,0,1,0%,0%,0,1
bengkel kaki kaki malang,0,0,0,1,0%,0%,0,1
bengkel kaki kaki mobil di bandar lampung,0,0,0,1,0%,0%,0,1
bengkel sidomulyo,0,0,0,1,0%,0%,0,1
bengkel spesialis power steering terdekat,0,0,0,1,0%,0%,0,1
bengkel terdekat,0,0,0,1,0%,0%,0,1
bengkel variasi mobil surabaya,0,0,0,1,0%,0%,0,1
bengkel variasi mobil terdekat,0,0,0,1,0%,0%,0,1
biaya perbaikan kaki kaki,0,0,0,1,0%,0%,0,1
biayanya,0,0,0,1,0%,0%,0,1
cek kaki,0,0,0,1,0%,0%,0,1
cuci mobil steam terdekat,0,0,0,1,0%,0%,0,1
dokter mobil balikpapan,0,0,0,1,0%,0%,0,1
dokter mobil kaki kaki,0,0,0,1,0%,0%,0,1
g auto care semarang,0,0,0,1,0%,0%,0,1
ganti kaki kaki mobil,0,0,0,1,0%,0%,0,1
kia bekasi,0,0,0,1,0%,0%,0,1
kustom care,0,0,0,1,0%,0%,0,1
pecinta mobil disebut,0,0,0,1,0%,0%,0,1
perbaikan mesin,0,0,0,1,0%,0%,0,1
reparasi mesin,0,0,0,1,0%,0%,0,1
reputasi,0,0,0,1,0%,0%,0,1
santoso ban,0,0,0,1,0%,0%,0,1
service ac mobil bandung,0,0,0,1,0%,0%,0,1
service kaki kaki mobil tangerang,0,0,0,1,0%,0%,0,1
service shockbreaker motor terdekat,0,0,0,1,0%,0%,0,1
service tie rod,0,0,0,1,0%,0%,0,1
servis dongkrak mobil,0,0,0,1,0%,0%,0,1
spesialis power steering,0,0,0,1,0%,0%,0,1
steam mobil terdekat,0,0,0,1,0%,0%,0,1
tempat cuci mobil terdekat,0,0,0,1,0%,0%,0,1
tjm car,0,0,0,1,0%,0%,0,1
tjm logo,0,0,0,1,0%,0%,0,1
toko aksesoris motor terdekat dari lokasi saya,0,0,0,1,0%,0%,0,1
toko ban,0,0,0,1,0%,0%,0,1
toko perlengkapan motor,0,0,0,1,0%,0%,0,1
auto express jakarta,0,0,0,1,0%,0%,0,2
bengkel kaki kaki mobil sukabumi,0,0,0,1,0%,0%,0,2
bengkel kaki kaki terbaik,0,0,0,1,0%,0%,0,2
bengkel kaki-kaki mobil tg(tunggal gemini),0,0,0,1,0%,0%,0,2
bengkel per & kaki-kaki mobil kota jakarta timur,0,0,0,1,0%,0%,0,2
bengkel seat belt mobil terdekat,0,0,0,1,0%,0%,0,2
bengkel tjm bekasi,0,0,0,1,0%,0%,0,2
biayanya?,0,0,0,1,0%,0%,0,2
cuci mobil steam uap terdekat,0,0,0,1,0%,0%,0,2
romi spesialis kaki kaki mobil,0,0,0,1,0%,0%,0,2
shaking machine mobil terdekat,0,0,0,1,0%,0%,0,2
tj auto repair,0,0,0,1,0%,0%,0,2
tjm s,0,0,0,1,0%,0%,0,2
untuk wilayah palembang,0,0,0,1,0%,0%,0,2
tjauto,0,0,0,1,0%,0%,0,3
balikpapan,0,0,0,1,0%,0%,0,4
bengkel eps terdekat,0,0,0,1,0%,0%,0,4
car suspension,0,0,0,1,0%,0%,0,4
gurah mesin,0,0,0,1,0%,0%,0,4
tj m,0,0,0,1,0%,0%,0,4
tjm auto parts,0,0,0,1,0%,0%,0,4
auto diesel service,0,0,0,1,0%,0%,0,5
bengkel sepeda terdekat,0,0,0,1,0%,0%,0,5
bengkel variasi mobil,0,0,0,1,0%,0%,0,5
paket service rem mobil,0,0,0,1,0%,0%,0,5
perbaikan kaki kaki mobil bandung,0,0,0,1,0%,0%,0,5
bengkel kaki kaki mobil terbaik di jakarta,0,0,0,1,0%,0%,0,6
auto servis,0,0,0,1,0%,0%,0,7
jasa tune up mobil,0,0,0,1,0%,0%,0,7
new car,0,0,0,1,0%,0%,0,7
tune up auto shop,0,0,0,1,0%,0%,0,7
auto service,0,0,0,1,0%,0%,0,8
bengkel yamaha terdekat,0,0,0,1,0%,0%,0,8
bengkel.,0,0,0,1,0%,0%,0,8
kaki kaki mobil,0,0,0,1,0%,0%,0,8
tune up mesin diesel,0,0,0,1,0%,0%,0,8
bengkel express,0,0,0,1,0%,0%,0,9
bengkel kaki kaki mobil di malang,0,0,0,1,0%,0%,0,9
bengkel mobil 24 jam terdekat,0,0,0,1,0%,0%,0,9
cuci motor steam terdekat,0,0,0,1,0%,0%,0,9
bengkel chevrolet terdekat,0,0,0,1,0%,0%,0,10
bengkel mobil makassar 24 jam,0,0,0,1,0%,0%,0,10
berapa lama service kaki kaki mobil,0,0,0,1,0%,0%,0,10
service shockbreaker motor bandung,0,0,0,1,0%,0%,0,10
tj service,0,0,0,1,0%,0%,0,10
bengkel kaki kaki medan,0,0,0,1,0%,0%,0,11
bengkel kaki kaki mobil bandar lampung,0,0,0,1,0%,0%,0,11
bengkel kaki-kaki mobil terbaik di semarang,0,0,0,1,0%,0%,0,11
bengkel mobil jogja,0,0,0,1,0%,0%,0,11
biaya servis kaki kaki mobil ayla,0,0,0,1,0%,0%,0,11
care auto detailing | lampung,0,0,0,1,0%,0%,0,11
tjm motor sport,0,0,0,1,0%,0%,0,11
bengkel spesialis shockbreaker mobil terdekat,0,0,0,1,0%,0%,0,12
kaki kaki,0,0,0,1,0%,0%,0,12
profil bengkel,0,0,0,1,0%,0%,0,12
service booster rem mobil terdekat,0,0,0,1,0%,0%,0,12
suara kaki kaki mobil rusak,0,0,0,1,0%,0%,0,12
tjm express cimahi,0,0,0,1,0%,0%,0,12
trans auto care,0,0,0,1,0%,0%,0,12
tune up mobil diesel meliputi apa saja,0,0,0,1,0%,0%,0,12
bengkel ac mobil banjarmasin,0,0,0,1,0%,0%,0,13
tempat spooring mobil terdekat,0,0,0,1,0%,0%,0,13
bengkel mobil spesialis honda,0,0,0,1,0%,0%,0,14
bengkel shockbreaker mobil bogor,0,0,0,1,0%,0%,0,15
bengkel bandung,0,0,0,1,0%,0%,0,16
bengkel kaki kaki mobil terbaik,0,0,0,1,0%,0%,0,21
bengkel mobil jakarta pusat,0,0,0,1,0%,0%,0,21
bengkel kaki kaki solo,0,0,0,1,0%,0%,0,22
mobil di bengkel,0,0,0,1,0%,0%,0,22
service shockbreaker mobil,0,0,0,1,0%,0%,0,22
carwash balikpapan,0,0,0,1,0%,0%,0,29
auto detailing terdekat,0,0,0,1,0%,0%,0,32
tjm automobile,0,0,0,1,0%,0%,0,33
auto mobil,0,0,0,1,0%,0%,0,46
supermarket di samarinda,0,0,0,1,0%,0%,0,81